id,product,year,source_url,primary_code,schema_drift,plugin_maintenance,capture_friction,rigidity,relationship_semantics,migration,portability,querying,complexity,simplification_response,tinker_signal,evidence_strength,summary
C001,Obsidian,2026,https://www.reddit.com/r/ObsidianMD/comments/1vwcill/updating_templates/,schema_drift,1,0,0,0,0,1,0,0,1,formalize,embrace,high,Template changes do not propagate cleanly to existing typed notes; users seek bulk/scripted updates.
C002,Obsidian,2026,https://www.reddit.com/r/ObsidianMD/comments/1ts04jm/editing_properties/,schema_drift,1,0,0,0,0,1,0,0,1,formalize,embrace,high,Bulk property corrections that are trivial in databases push users toward scripts or plugins.
C003,Obsidian,2025,https://www.reddit.com/r/ObsidianMD/comments/1n0s2iu/,schema_drift,1,1,0,0,0,1,0,0,1,simplify,embrace,medium,Large vault overhaul requires multiple plugins/tools; old-format notes remain because conversion is costly.
C004,Obsidian,2026,https://www.reddit.com/r/ObsidianMD/comments/1v1ydjn/as_the_author_of_metadata_menu_i_rebuilt_it_from/,schema_drift,1,1,0,0,0,0,0,1,1,formalize,embrace,high,Metadata Menu rebuilt around schema + typed validated properties + guided input + Bases.
C005,Obsidian,2026,https://www.reddit.com/r/ObsidianMD/comments/1v5kk4j/how_much_time_do_you_spend_managing_obsidian/,complexity,0,1,0,0,0,0,0,0,1,mixed,mixed,high,Users debate how much time goes to managing/configuring the vault instead of using it.
C006,Obsidian,2023,https://www.reddit.com/r/ObsidianMD/comments/13quloq/who_else_has_decided_to_get_rid_of_their_plugins/,plugin_maintenance,0,1,0,0,0,0,1,0,1,simplify,avoid,high,Plugin-heavy workflows add cognitive load, breakage risk and sync friction; some users deliberately remove them.
C007,Obsidian,2024,https://www.reddit.com/r/ObsidianMD/comments/1cscws5/,complexity,0,1,0,0,0,0,0,0,1,simplify,avoid,medium,Elaborate tracking/customization is abandoned in favor of simpler folders and daily notes.
C008,Obsidian,2026,https://www.reddit.com/r/ObsidianMD/comments/1tskxtj/community_plugin_longevity/,plugin_maintenance,0,1,0,0,0,0,1,0,1,unknown,neutral,medium,Prospective users worry essential workflows may depend on abandoned community plugins.
C009,Obsidian,2026,https://www.reddit.com/r/ObsidianMD/comments/1upqpbq/we_dont_need_20_halfmaintained_plugins_for_the/,plugin_maintenance,0,1,0,0,0,0,0,0,1,formalize,embrace,high,"Overlapping, partly abandoned plugins force users to evaluate maintenance and sometimes build their own."
C010,Obsidian,2026,https://www.reddit.com/r/ObsidianMD/comments/1vztk2y/what_did_you_remove_from_your_obsidian_setup_that/,simplification_response,0,1,0,0,0,0,0,0,1,simplify,avoid,high,"Users report improvement after removing properties, templates, plugins and automation; important counter-segment."
C011,Obsidian,2023,https://www.reddit.com/r/ObsidianMD/comments/182shef/how_many_plugins_is_too_many/,plugin_maintenance,0,1,0,0,0,0,1,0,1,unknown,embrace,medium,Tinkerers worry that modding the vault excessively may make notes dependent on plugins.
C012,Obsidian,2024,https://www.reddit.com/r/ObsidianMD/comments/1c84kum/how_many_plugins_do_you_use/,plugin_maintenance,0,1,0,0,0,0,0,0,1,simplify,mixed,medium,Users periodically remove plugins to simplify and de-risk workflows.
C013,Obsidian,2026,https://www.reddit.com/r/ObsidianMD/comments/1v6s2j2/using_far_fewer_plugins/,plugin_maintenance,0,1,0,0,0,0,0,0,1,simplify,avoid,high,Heavy users report dropping from dozens of plugins to a small stable core to reduce maintenance.
C014,Obsidian,2025,https://www.reddit.com/r/ObsidianMD/comments/1mixziq/for_those_with_bigger_vaults_how_do_you_futureproof_it_and_prevent_clutter/,schema_drift,1,1,0,0,0,1,1,0,1,mixed,embrace,high,"Long-lived vaults accumulate obsolete YAML, plugin artifacts and inconsistent styles, raising migration questions."
C015,Obsidian,2024,https://www.reddit.com/r/ObsidianMD/comments/1bhou3k/future_proofing_your_vault_how_might_one_keep_a_regularly_updated_sparkling_clean_version/,portability,0,1,0,0,0,0,1,0,1,simplify,embrace,high,User fears plugin-specific code is eroding the plain-text future-proofing promise.
C016,Obsidian,2023,https://www.reddit.com/r/ObsidianMD/comments/15wmd10/tools_to_migrate_old_notes_to_the_new_properties_system/,migration,1,0,0,0,0,1,0,0,1,formalize,embrace,high,Changing metadata conventions across an established vault requires migration tooling/scripts.
C017,Obsidian,2026,https://www.reddit.com/r/ObsidianMD/comments/1smemow/obsidian_but_with_objectorientednotes/,relationship_semantics,0,1,1,0,1,0,0,1,1,formalize,embrace,high,Developer adds object types and inline creation to Obsidian after preferring object-oriented PKM concepts elsewhere.
C018,Obsidian Forum,2026,https://forum.obsidian.md/t/strong-object-typing/117966,schema_drift,1,0,0,0,0,1,0,0,1,formalize,embrace,high,Request for strong types so changing a type definition can propagate to existing objects.
C019,Obsidian Forum,2022-2025,https://forum.obsidian.md/t/super-fr-enhance-obsidian-with-a-type-system-for-notes-and-database-like-views-metadata-object-oriented-model/46444,schema_drift,1,1,0,0,0,0,0,1,1,formalize,embrace,high,"Long-running request for explicit note classes, schemas, validation and generated database-like views."
C020,Obsidian Forum,2025,https://forum.obsidian.md/t/i-present-to-you-obsidian-the-database-management-system-emulator/95828,complexity,1,1,0,0,1,0,0,1,1,formalize,embrace,high,"User builds a DBMS-like layer with templates, frontmatter, JS, forms, required fields and object relationships."
C021,Obsidian,2024,https://www.reddit.com/r/ObsidianMD/comments/1f4yp9c/frontmatter_consistency_and_scaling/,schema_drift,1,1,0,0,0,1,0,0,1,formalize,embrace,high,"Frontmatter is explicitly treated as a schema; users use JSON Schema, Python and plugins to keep note types consistent."
C022,Obsidian,2023,https://www.reddit.com/r/ObsidianMD/comments/13pn3n1/why_are_plugins_so_difficult_to_understand/,complexity,0,1,0,0,0,0,0,0,1,simplify,avoid,medium,Plugin documentation and jargon create onboarding friction even before workflow complexity.
C023,Obsidian,2025,https://www.reddit.com/r/ObsidianMD/comments/1ibvewl/do_not_feel_obligated_to_turn_obsidian_into_your_everything_app/,simplification_response,0,1,0,0,0,0,0,0,1,simplify,avoid,high,Popular advice explicitly recommends resisting overbuilding and using Obsidian simply unless complexity is necessary.
C024,Obsidian,2025,https://www.reddit.com/r/ObsidianMD/comments/1kftn0y/simplifying_my_daily_notes/,portability,0,1,0,0,0,0,1,0,1,simplify,mixed,high,Rich templates/Dataview make raw Markdown noisy; user wants clean files readable outside Obsidian.
C025,Anytype,2023,https://www.reddit.com/r/Anytype/comments/161vnmi/is_it_me_or_is_anytype_one_of_the_most/,complexity,0,0,0,1,1,0,0,0,1,simplify,avoid,high,"Users find Types, Relations, Sets, Templates and Layouts semantically heavy despite liking the vision."
C026,Anytype,2024,https://www.reddit.com/r/Anytype/comments/1guttnl/,complexity,0,0,0,1,1,0,0,0,1,simplify,avoid,high,Critique frames Anytype abstractions as conceptual barriers to adoption.
C027,Anytype,2025,https://www.reddit.com/r/Anytype/comments/1kedd1n/,capture_friction,0,0,1,1,0,0,0,0,1,simplify,avoid,high,User prefers tools that start simple and add complexity later; Anytype feels overcomplicated for simple tasks.
C028,Anytype→Obsidian,2026,https://www.reddit.com/r/ObsidianMD/comments/1v0bcbk/migrating_from_anytype_to_obsidian_and_seeking/,rigidity,0,0,0,1,1,1,1,0,1,simplify,mixed,high,Migrant likes types/databases but feels they are fighting Anytype's structure and wants Obsidian flexibility.
C029,Anytype→Obsidian,2024,https://www.reddit.com/r/ObsidianMD/comments/1g7tgtc/,portability,0,0,0,0,1,1,1,0,1,unknown,embrace,medium,Migration exposes difficulty preserving relations/properties while retaining usable Markdown.
C030,Anytype,2025,https://www.reddit.com/r/Anytype/comments/1jx14l3/migrating_away_from_anytype/,portability,0,0,0,0,1,1,1,0,1,unknown,mixed,high,Markdown export is portable but loses linked semantics; richer export is harder for other tools to consume.
C031,Anytype,2024,https://www.reddit.com/r/Anytype/comments/1buwz6h/anytype_is_needlessly_convoluted/,relationship_semantics,0,0,0,1,1,0,0,0,1,simplify,avoid,high,Users object to private/product-specific vocabulary and overloaded concepts such as Relations.
C032,Anytype,2024,https://www.reddit.com/r/Anytype/comments/1eldlf8/,relationship_semantics,0,0,0,0,1,0,0,1,1,unknown,mixed,medium,Global relation/value behavior creates semantic clutter across different object types.
C033,Anytype,2024,https://www.reddit.com/r/Anytype/comments/1dfrkpr/,relationship_semantics,0,0,0,0,1,0,0,0,1,unknown,mixed,medium,Users struggle with Anytype's relation/property terminology and context.
C034,Anytype,2024,https://www.reddit.com/r/Anytype/comments/19c1udi/my_personal_way_to_know_when_to_use_sets_and/,querying,0,0,0,1,0,0,0,1,1,unknown,embrace,medium,"Users need heuristics to decide among Sets and Collections, indicating abstraction overlap."
C035,Anytype,2023,https://www.reddit.com/r/Anytype/comments/17dgq07/,querying,0,0,0,1,0,0,0,1,1,unknown,mixed,medium,Set-vs-Collection distinction causes recurring organizational confusion.
C036,Anytype,2024,https://www.reddit.com/r/Anytype/comments/1diiuq8/,querying,0,0,0,1,0,0,0,1,1,unknown,mixed,medium,Users ask for further tutorials explaining Sets versus Collections after existing explanations fail to stick.
C037,Anytype,2024,https://www.reddit.com/r/Anytype/comments/1fgcmo1/,querying,0,0,0,1,0,0,0,1,1,simplify,mixed,medium,Community proposes renaming/eliminating overlapping organizational abstractions.
C038,Anytype,2024,https://www.reddit.com/r/Anytype/comments/1ffi1k5/,querying,0,0,0,1,0,0,0,1,1,formalize,embrace,medium,User reports Anytype became powerful only after finally understanding Sets/Collections.
C039,Anytype,2025,https://www.reddit.com/r/Anytype/comments/1omvv6n/,schema_drift,1,0,0,0,0,0,0,0,1,formalize,embrace,medium,Many closely related types create pressure for subtype/grouping mechanisms.
C040,Capacities,2024,https://www.reddit.com/r/capacitiesapp/comments/1f99o4u/,complexity,0,0,0,1,1,0,0,0,1,unknown,mixed,high,"Experienced PKM user asks what an object really is, whether it is like a folder, and when to create object types."
C041,Capacities,2026,https://www.reddit.com/r/capacitiesapp/comments/1qj7xxv/tags_vs_objects_new_user_question/,relationship_semantics,0,0,0,0,1,0,0,1,1,unknown,mixed,high,User explicitly asks how to choose between tags and objects.
C042,Capacities,2026,https://www.reddit.com/r/capacitiesapp/comments/1uxjpul/object_vs_tag_queries/,querying,0,0,0,0,1,0,0,1,1,unknown,embrace,high,User duplicates Person-as-object and Person-as-tag because query behavior differs.
C043,Capacities,2024,https://www.reddit.com/r/capacitiesapp/comments/1g9q48l/,complexity,0,0,0,1,0,0,0,0,1,unknown,mixed,high,"Newcomer asks what object-based PKM adds over folders, templates and tags."
C044,Capacities,2024,https://www.reddit.com/r/capacitiesapp/comments/191rlrt/,relationship_semantics,0,0,0,1,1,0,0,0,1,unknown,mixed,medium,User attempts to map PARA/folder categories directly onto objects/types/collections.
C045,Capacities,2026,https://www.reddit.com/r/capacitiesapp/comments/1uqytu8/how_do_you_use_projects/,complexity,0,0,0,1,0,0,0,0,1,formalize,mixed,medium,User recognizes confusion came from treating Projects as folders instead of objects.
C046,Capacities,2025,https://www.reddit.com/r/capacitiesapp/comments/1mqafra/,relationship_semantics,0,0,0,0,1,0,0,0,1,unknown,mixed,medium,Discussion asks whether conceptual categories belong as objects or tags.
C047,Capacities,2025,https://www.reddit.com/r/capacitiesapp/comments/1icqiyg/,relationship_semantics,0,0,0,0,1,0,0,1,1,unknown,mixed,medium,Users expect relationships to appear naturally from the inverse side and question why they do not.
C048,Capacities,2024,https://www.reddit.com/r/capacitiesapp/comments/1fsqwfz/,complexity,0,0,0,1,0,0,0,0,1,simplify,mixed,medium,Even a restrained object taxonomy can create a long type list needing further organization.
C049,Tana,2026,https://www.reddit.com/r/TanaInc/comments/1vmccz1/i_just_have_so_many_questions/,complexity,0,0,1,1,1,0,0,1,1,unknown,mixed,high,Users describe a steep conceptual learning curve around Tana's structured model.
C050,Tana,2025,https://www.reddit.com/r/TanaInc/comments/1pe4nzj/frustrated_tana_believer/,complexity,0,0,0,1,1,0,0,1,1,simplify,mixed,high,Supertag/category proliferation creates overlapping classifications and organizational burden.
C051,Notion,2026,https://www.reddit.com/r/Notion/comments/1tcacbh/notions_importexport_is_an_absolute_disaster/,portability,0,0,0,0,1,1,1,0,1,unknown,mixed,high,"Export preserves text but loses structures, views, associations and setup; strong system-portability complaint."
C052,Notion,2024,https://www.reddit.com/r/Notion/comments/1he1pm7/export_notion_database/,portability,0,0,0,0,1,1,1,0,1,unknown,mixed,medium,Relational database exports require cleanup and lose useful structure.
C053,Notion,2026,https://www.reddit.com/r/Notion/comments/1rv52hd/notion_is_focusing_on_enterprise_and_forgetting/,portability,0,0,0,0,1,1,1,0,1,unknown,mixed,medium,User worries richer formulas/relations/views increase lock-in despite nominal export.
C054,Notion→Obsidian,2026,https://www.reddit.com/r/ObsidianMD/comments/1tgmwcw/switching_from_notion_to_obsidian_need_tips/,migration,0,0,0,0,1,1,1,0,1,unknown,mixed,medium,Migration from Notion separates databases and loses some structural behavior.
C055,Notion,2025,https://www.reddit.com/r/Notion/comments/1jeag3y/,relationship_semantics,0,0,0,0,1,0,0,1,1,unknown,mixed,medium,Users struggle with reciprocal/two-way relation semantics.
C056,PKMS,2024,https://www.reddit.com/r/PKMS/comments/1axua8o/help_me_choosing_a_pkm/,rigidity,0,0,0,1,0,0,1,1,1,simplify,mixed,high,Discussion distinguishes users needing database-like granularity from those whose work is less formal.
C057,PKMS,2026,https://www.reddit.com/r/PKMS/comments/1qybh8m/obsidiancapacitiestanaloking_for_an_unicorn/,complexity,0,1,1,1,1,0,1,1,1,unknown,embrace,medium,Academic user needs many structured information types and struggles to find a PKM balancing them.
C058,PKMS,2024,https://www.reddit.com/r/PKMS/comments/1fp6bhd/anytype_vs_obsidian_whats_your_suggestion/,complexity,0,0,0,1,0,0,1,0,1,simplify,mixed,medium,Users compare Anytype's database/object model with Obsidian's easier plain-file starting point.
C059,PKMS,2023,https://www.reddit.com/r/PKMS/comments/119qydz/help_me_find_a_particular_type_of_pkm/,querying,0,0,0,0,0,0,1,1,1,unknown,mixed,medium,User seeks graph + databases + simple mobile + cross-device PKM, exposing market demand for combined structure and usability.
